"Infra Class","Order","Family","Common name","Species","Synonym*","2n","Estimated_haploid_2n/2","Reference"
"NEOGNATHAE","ANSERIFORMES","Anatidae","","Anser cygnoid","Cygnopsis cognoid","82","41","Hammar 1966"
"NEOGNATHAE","ANSERIFORMES","Anatidae","","Bucephala clangula americana","","80","40","Be�ak et al. 1973"
"NEOGNATHAE","GALLIFORMES","Cracidae","","Pipile cumanensis cumanensis","","84","42","Belterman and De Boer 1990"
"NEOGNATHAE","GALLIFORMES","Numididae","","Guttera pucherani edouardi","Guttera edouardi","76","38","Belterman and De Boer 1984"
"NEOGNATHAE","SPHENISCIFORMES","Spheniscidae","Penguins","Aptenodytes  patagonicus","","72","36","Cardozo et al. 2003"
"NEOGNATHAE","CICONIIFORMES","Ciconiidae","","Ciconia ciconia ciconia","","72","36","De Boer and Van Brink 1982"
"NEOGNATHAE","CICONIIFORMES","Ciconiidae","","Leptoptilos crumenifer","","52","26","Takagi and Sasaki 1974; De Boer and Van Brink 1982"
"NEOGNATHAE","PELECANIFORMES","Threskiornithidae","","Nipponia nippon�","","68","34","Takagi and Sasaki 1974; Sasaki et al. 1974"
"NEOGNATHAE","ACCIPITRIFORMES","Accipitridae","","Alquila chrysaetos","","62","31","Takagi and Sasaki 1974"
"NEOGNATHAE","ACCIPITRIFORMES","Accipitridae","","Alquila heliaca","","68","34","Takagi and Sasaki 1974"
"NEOGNATHAE","ACCIPITRIFORMES","Accipitridae","","Gyps himalayensi","","66","33","Nie et al. 2015"
"NEOGNATHAE","ACCIPITRIFORMES","Accipitridae","","Nisaetus nipalensis orientalis","","66","33","Nishida et al. 2013"
"NEOGNATHAE","ACCIPITRIFORMES","Accipitridae","","Theratopius ecaudatus","","66","33","Bed� Hom et al. 1998"
"NEOGNATHAE","GRUIFORMES","Gruidae","","Antigone antigone sharpii","","80","40","Takagi and Sasaki 1974"
"NEOGNATHAE","GRUIFORMES","Gruidae","","Antigone canadensis�","Grus canadensis","80","40","Takagi and Sasaki 1974"
"NEOGNATHAE","GRUIFORMES","Gruidae","","Grus carunculata","Bugeranus carunculatus","80","40","Takagi and Sasaki 1974"
"NEOGNATHAE","GRUIFORMES","Gruidae","","Leucogeranus leucogeranus","Grus leucogeranus","80","40","Les Christidis 1990"
"NEOGNATHAE","GRUIFORMES","Rallidae","","Aramides saracura","","80","40","Davide 1979"
"NEOGNATHAE","CHARADRIIFORMES","Charadriidae","","Vanellus malabaricus","","76","38","Samanta and Prasad 1981; Bhunya and Mohanty 1990"
"NEOGNATHAE","CHARADRIIFORMES","Scolopacidae","","Limosa limonsa","","90","45","Bhunya and Mohanty 1990"
"NEOGNATHAE","CHARADRIIFORMES","Turnicidae","Buttonquail","Turnix suscicator","","82","41","Garg and Shrivastava 2013b"
"NEOGNATHAE","COLUMBIFORMES","Columbidae","","Geotrigon violacea","","86","43","Kretschmer et al. 2018b; Kretschmer et al. 2020c"
"NEOGNATHAE","CUCULIFORMES","Cuculidae","","Phaenicophaeus tristis","","78","39","Bian et al. 1991"
"NEOGNATHAE","STRIGIFORMES","Strigidae","","Strix uralensis japonica","","82","41","Takagi and Sasaki 1974"
"NEOGNATHAE","STRIGIFORMES","Strigidae","","Strix uralensis uralensis","","82","41","Takagi and Sasaki 1974"
"NEOGNATHAE","APODIFORMES","Apodidae","","Streptoprocne biscutata","","64","32","Ribeiro et al. 2003"
"NEOGNATHAE","APODIFORMES","Trochilidae","","Lephornis magnifica","","82","41","Les Christidis 1990"
"NEOGNATHAE","COLIIFORMES","Coliidae","Mousebirds","Colius macrourus","","78","39","Capanna and Merani 1980"
"NEOGNATHAE","BUCEROTIFORMES","Bucerotidae","","Lophoceros fasciatus","Tockus fasciatus","68","34","Belterman and De Boer 1984"
"NEOGNATHAE","PICIFORMES","Megalaimidae","","Psilopogon zeylanicus","Megalaima zeylanicus","96","48","Garg and Shrivastava 2013d"
"NEOGNATHAE","PICIFORMES","Picidae","","Yungipicus kizuki","Dendrocopos kizuki","92","46","Xiaozhuang and Qingwei 1989"
"NEOGNATHAE","PICIFORMES","Ramphastidae","","Ramphastos tucannus tucannus","","112","56","Kretschmer et al. 2020b"
"NEOGNATHAE","PSITTACIFORMES","Psittaculidae","","Barnardius zonarius macgillivrayi","Barnardius barnardi macgillivrayi","62","31","Rus et al. 2016"
"NEOGNATHAE","PSITTACIFORMES","Psittaculidae","","Lorius hypoinochorus","","72","36","De Lucca et al. 1991; Les Christidis et al. 1991"
"NEOGNATHAE","PSITTACIFORMES","Psittaculidae","","Polytelisvalexandrae","","70","35","De Lucca et al. 1991"
"NEOGNATHAE","PSITTACIFORMES","Psittaculidae","","Tanygnathus lucionensis talautensis","","56-62","#VALUE!","Rus et al. 2016"
"NEOGNATHAE","PSITTACIFORMES","Psittaculidae","","Trichoglossus haematodus massena","","48","24","Rus et al. 2016"
"NEOGNATHAE","PASSERIFORMES","Alaudidae","","Miafra assamica","","76","38","Sultana and Bhunya 1986"
"NEOGNATHAE","PASSERIFORMES","Alaudidae","","Miafra erythroptera","","74","37","Sultana and Bhunya 1986"
"NEOGNATHAE","PASSERIFORMES","Corvidae","","Corvus corone corone","","72","36","Belterman and De Boer 1984"
"NEOGNATHAE","PASSERIFORMES","Corvidae","","Corvus corone orientalis","","80","40","Xu 1990; Roslik and Kryukov 2001"
"NEOGNATHAE","PASSERIFORMES","Emberizidae","","Emberiza lathami","Melophus lathami","80","40","Bhunya and Mohanty 1987; Garg and Shrivastava 2013c"
"NEOGNATHAE","PASSERIFORMES","Laniidae","","Lanius schach erythronotus","","76","38","Bulatova et al. 1971"
"NEOGNATHAE","PASSERIFORMES","Laniidae","","Lanius schach tricolor","","72","36","Bulatova et al. 1971"
"NEOGNATHAE","PASSERIFORMES","Locustellidae","","Locustella thoracia","Bradypterus thoracicus","78","39","Xiaozhuang et al. 1991b"
"NEOGNATHAE","PASSERIFORMES","Muscicapidae","","Copsychus fulicatus","","64","32","Mittal and Satija 1978"
"NEOGNATHAE","PASSERIFORMES","Muscicapidae","","Luscinia svecica prevalskii","","76","38","Li 1989"
"NEOGNATHAE","PASSERIFORMES","Passeridae","","Passer montanus malaccensis","","74","37","Wang et al. 1983"
"NEOGNATHAE","PASSERIFORMES","Pycnonotidae","Bulbuls","Ixos mcclellandi","","78","39","Li et al. 1994a"
"NEOGNATHAE","PASSERIFORMES","Sylviidae","","Paradoxornis flavirostris","","76","38","Li et al. 1993"
"NEOGNATHAE","PASSERIFORMES","Thraupidae","","Geospiza difficlis","","78","39","Jo 1983"
